id;ficha_personagem_id;atributo;valor;valor_temp;created_at;updated_at;version;is_active
2001;1001;FORCA;15;0;2025-01-10 10:00:00;2025-01-10 10:00:00;1001;TRUE
2002;1001;AGILIDADE;12;0;2025-01-10 10:00:00;2025-01-10 10:00:00;1001;TRUE
2003;1001;CONSTITUICAO;14;0;2025-01-10 10:00:00;2025-01-10 10:00:00;1001;TRUE
2004;1001;MENTE;13;0;2025-01-10 10:00:00;2025-01-10 10:00:00;1001;TRUE
2005;1001;PRESENCA;11;0;2025-01-10 10:00:00;2025-01-10 10:00:00;1001;TRUE
2006;1001;INFLUENCIA;10;0;2025-01-10 10:00:00;2025-01-10 10:00:00;1001;TRUE
2007;1002;FORCA;10;0;2025-01-10 11:30:00;2025-01-10 11:30:00;1001;TRUE
2008;1002;AGILIDADE;17;0;2025-01-10 11:30:00;2025-01-10 11:30:00;1001;TRUE
2009;1002;CONSTITUICAO;12;0;2025-01-10 11:30:00;2025-01-10 11:30:00;1001;TRUE
2010;1002;MENTE;15;0;2025-01-10 11:30:00;2025-01-10 11:30:00;1001;TRUE
2011;1002;PRESENCA;14;0;2025-01-10 11:30:00;2025-01-10 11:30:00;1001;TRUE
2012;1002;INFLUENCIA;13;0;2025-01-10 11:30:00;2025-01-10 11:30:00;1001;TRUE
2013;1003;FORCA;15;0;2025-01-10 14:15:00;2025-01-10 14:15:00;1001;TRUE
2014;1003;AGILIDADE;13;0;2025-01-10 14:15:00;2025-01-10 14:15:00;1001;TRUE
2015;1003;CONSTITUICAO;14;0;2025-01-10 14:15:00;2025-01-10 14:15:00;1001;TRUE
2016;1003;MENTE;12;0;2025-01-10 14:15:00;2025-01-10 14:15:00;1001;TRUE
2017;1003;PRESENCA;16;0;2025-01-10 14:15:00;2025-01-10 14:15:00;1001;TRUE
2018;1003;INFLUENCIA;14;0;2025-01-10 14:15:00;2025-01-10 14:15:00;1001;TRUE
2019;1004;FORCA;8;0;2025-01-10 16:45:00;2025-01-10 16:45:00;1001;TRUE
2020;1004;AGILIDADE;18;0;2025-01-10 16:45:00;2025-01-10 16:45:00;1001;TRUE
2021;1004;CONSTITUICAO;11;0;2025-01-10 16:45:00;2025-01-10 16:45:00;1001;TRUE
2022;1004;MENTE;14;0;2025-01-10 16:45:00;2025-01-10 16:45:00;1001;TRUE
2023;1004;PRESENCA;12;0;2025-01-10 16:45:00;2025-01-10 16:45:00;1001;TRUE
2024;1004;INFLUENCIA;15;0;2025-01-10 16:45:00;2025-01-10 16:45:00;1001;TRUE
2025;1005;FORCA;12;0;2025-01-10 18:20:00;2025-01-10 18:20:00;1001;TRUE
2026;1005;AGILIDADE;10;0;2025-01-10 18:20:00;2025-01-10 18:20:00;1001;TRUE
2027;1005;CONSTITUICAO;14;0;2025-01-10 18:20:00;2025-01-10 18:20:00;1001;TRUE
2028;1005;MENTE;16;0;2025-01-10 18:20:00;2025-01-10 18:20:00;1001;TRUE
2029;1005;PRESENCA;15;0;2025-01-10 18:20:00;2025-01-10 18:20:00;1001;TRUE
2030;1005;INFLUENCIA;13;0;2025-01-10 18:20:00;2025-01-10 18:20:00;1001;TRUE
2031;1006;FORCA;9;0;2025-01-10 20:10:00;2025-01-10 20:10:00;1001;TRUE
2032;1006;AGILIDADE;14;0;2025-01-10 20:10:00;2025-01-10 20:10:00;1001;TRUE
2033;1006;CONSTITUICAO;12;0;2025-01-10 20:10:00;2025-01-10 20:10:00;1001;TRUE
2034;1006;MENTE;17;0;2025-01-10 20:10:00;2025-01-10 20:10:00;1001;TRUE
2035;1006;PRESENCA;13;0;2025-01-10 20:10:00;2025-01-10 20:10:00;1001;TRUE
2036;1006;INFLUENCIA;11;0;2025-01-10 20:10:00;2025-01-10 20:10:00;1001;TRUE
2037;1007;FORCA;13;0;2025-01-11 09:30:00;2025-01-11 09:30:00;1001;TRUE
2038;1007;AGILIDADE;16;0;2025-01-11 09:30:00;2025-01-11 09:30:00;1001;TRUE
2039;1007;CONSTITUICAO;14;0;2025-01-11 09:30:00;2025-01-11 09:30:00;1001;TRUE
2040;1007;MENTE;15;0;2025-01-11 09:30:00;2025-01-11 09:30:00;1001;TRUE
2041;1007;PRESENCA;12;0;2025-01-11 09:30:00;2025-01-11 09:30:00;1001;TRUE
2042;1007;INFLUENCIA;10;0;2025-01-11 09:30:00;2025-01-11 09:30:00;1001;TRUE
2043;1008;FORCA;17;0;2025-01-11 13:45:00;2025-01-11 13:45:00;1001;TRUE
2044;1008;AGILIDADE;14;0;2025-01-11 13:45:00;2025-01-11 13:45:00;1001;TRUE
2045;1008;CONSTITUICAO;16;0;2025-01-11 13:45:00;2025-01-11 13:45:00;1001;TRUE
2046;1008;MENTE;10;0;2025-01-11 13:45:00;2025-01-11 13:45:00;1001;TRUE
2047;1008;PRESENCA;13;0;2025-01-11 13:45:00;2025-01-11 13:45:00;1001;TRUE
2048;1008;INFLUENCIA;8;0;2025-01-11 13:45:00;2025-01-11 13:45:00;1001;TRUE
2049;1009;FORCA;11;0;2025-01-11 15:20:00;2025-01-11 15:20:00;1001;TRUE
2050;1009;AGILIDADE;14;0;2025-01-11 15:20:00;2025-01-11 15:20:00;1001;TRUE
2051;1009;CONSTITUICAO;12;0;2025-01-11 15:20:00;2025-01-11 15:20:00;1001;TRUE
2052;1009;MENTE;15;0;2025-01-11 15:20:00;2025-01-11 15:20:00;1001;TRUE
2053;1009;PRESENCA;17;0;2025-01-11 15:20:00;2025-01-11 15:20:00;1001;TRUE
2054;1009;INFLUENCIA;16;0;2025-01-11 15:20:00;2025-01-11 15:20:00;1001;TRUE
2055;1010;FORCA;10;0;2025-01-11 17:30:00;2025-01-11 17:30:00;1001;TRUE
2056;1010;AGILIDADE;15;0;2025-01-11 17:30:00;2025-01-11 17:30:00;1001;TRUE
2057;1010;CONSTITUICAO;13;0;2025-01-11 17:30:00;2025-01-11 17:30:00;1001;TRUE
2058;1010;MENTE;16;0;2025-01-11 17:30:00;2025-01-11 17:30:00;1001;TRUE
2059;1010;PRESENCA;14;0;2025-01-11 17:30:00;2025-01-11 17:30:00;1001;TRUE
2060;1010;INFLUENCIA;12;0;2025-01-11 17:30:00;2025-01-11 17:30:00;1001;TRUE
2061;1011;FORCA;14;0;2025-01-11 19:15:00;2025-01-11 19:15:00;1001;TRUE
2062;1011;AGILIDADE;12;0;2025-01-11 19:15:00;2025-01-11 19:15:00;1001;TRUE
2063;1011;CONSTITUICAO;11;0;2025-01-11 19:15:00;2025-01-11 19:15:00;1001;TRUE
2064;1011;MENTE;17;0;2025-01-11 19:15:00;2025-01-11 19:15:00;1001;TRUE
2065;1011;PRESENCA;10;0;2025-01-11 19:15:00;2025-01-11 19:15:00;1001;TRUE
2066;1011;INFLUENCIA;15;0;2025-01-11 19:15:00;2025-01-11 19:15:00;1001;TRUE
2067;1012;FORCA;9;0;2025-01-12 10:45:00;2025-01-12 10:45:00;1001;TRUE
2068;1012;AGILIDADE;16;0;2025-01-12 10:45:00;2025-01-12 10:45:00;1001;TRUE
2069;1012;CONSTITUICAO;12;0;2025-01-12 10:45:00;2025-01-12 10:45:00;1001;TRUE
2070;1012;MENTE;15;0;2025-01-12 10:45:00;2025-01-12 10:45:00;1001;TRUE
2071;1012;PRESENCA;18;0;2025-01-12 10:45:00;2025-01-12 10:45:00;1001;TRUE
2072;1012;INFLUENCIA;14;0;2025-01-12 10:45:00;2025-01-12 10:45:00;1001;TRUE
2073;1013;FORCA;16;0;2025-01-12 14:20:00;2025-01-12 14:20:00;1001;TRUE
2074;1013;AGILIDADE;9;0;2025-01-12 14:20:00;2025-01-12 14:20:00;1001;TRUE
2075;1013;CONSTITUICAO;17;0;2025-01-12 14:20:00;2025-01-12 14:20:00;1001;TRUE
2076;1013;MENTE;11;0;2025-01-12 14:20:00;2025-01-12 14:20:00;1001;TRUE
2077;1013;PRESENCA;13;0;2025-01-12 14:20:00;2025-01-12 14:20:00;1001;TRUE
2078;1013;INFLUENCIA;12;0;2025-01-12 14:20:00;2025-01-12 14:20:00;1001;TRUE
2079;1014;FORCA;8;0;2025-01-12 16:10:00;2025-01-12 16:10:00;1001;TRUE
2080;1014;AGILIDADE;18;0;2025-01-12 16:10:00;2025-01-12 16:10:00;1001;TRUE
2081;1014;CONSTITUICAO;10;0;2025-01-12 16:10:00;2025-01-12 16:10:00;1001;TRUE
2082;1014;MENTE;14;0;2025-01-12 16:10:00;2025-01-12 16:10:00;1001;TRUE
2083;1014;PRESENCA;11;0;2025-01-12 16:10:00;2025-01-12 16:10:00;1001;TRUE
2084;1014;INFLUENCIA;15;0;2025-01-12 16:10:00;2025-01-12 16:10:00;1001;TRUE
2085;1015;FORCA;12;0;2025-01-12 18:35:00;2025-01-12 18:35:00;1001;TRUE
2086;1015;AGILIDADE;15;0;2025-01-12 18:35:00;2025-01-12 18:35:00;1001;TRUE
2087;1015;CONSTITUICAO;13;0;2025-01-12 18:35:00;2025-01-12 18:35:00;1001;TRUE
2088;1015;MENTE;17;0;2025-01-12 18:35:00;2025-01-12 18:35:00;1001;TRUE
2089;1015;PRESENCA;10;0;2025-01-12 18:35:00;2025-01-12 18:35:00;1001;TRUE
2090;1015;INFLUENCIA;14;0;2025-01-12 18:35:00;2025-01-12 18:35:00;1001;TRUE
